<meta>
	<info author="MrTasty (aka Addlibs)" name="GTAV radar" type="script" version="2.0.2" />
    <min_mta_version server="1.5.5-0.00000" client="1.5.5-0.00000" />
	<oop>true</oop>
	<script src="render.lua" type="client"></script>
	<file src="assets/world.jpg" type="client"></file>
	<file src="assets/player.png" type="client"></file>
	<file src="assets/blips/0.png" type="client"></file>
	<file src="assets/blips/1.png" type="client"></file>
	<file src="assets/blips/2.png" type="client"></file>
	<file src="assets/blips/3.png" type="client"></file>
	<file src="assets/blips/4.png" type="client"></file>
	<file src="assets/blips/5.png" type="client"></file>
	<file src="assets/blips/6.png" type="client"></file>
	<file src="assets/blips/7.png" type="client"></file>
	<file src="assets/blips/8.png" type="client"></file>
	<file src="assets/blips/9.png" type="client"></file>
	<file src="assets/blips/10.png" type="client"></file>
	<file src="assets/blips/11.png" type="client"></file>
	<file src="assets/blips/12.png" type="client"></file>
	<file src="assets/blips/13.png" type="client"></file>
	<file src="assets/blips/14.png" type="client"></file>
	<file src="assets/blips/15.png" type="client"></file>
	<file src="assets/blips/16.png" type="client"></file>
	<file src="assets/blips/17.png" type="client"></file>
	<file src="assets/blips/18.png" type="client"></file>
	<file src="assets/blips/19.png" type="client"></file>
	<file src="assets/blips/20.png" type="client"></file>
	<file src="assets/blips/21.png" type="client"></file>
	<file src="assets/blips/22.png" type="client"></file>
	<file src="assets/blips/23.png" type="client"></file>
	<file src="assets/blips/24.png" type="client"></file>
	<file src="assets/blips/25.png" type="client"></file>
	<file src="assets/blips/26.png" type="client"></file>
	<file src="assets/blips/27.png" type="client"></file>
	<file src="assets/blips/28.png" type="client"></file>
	<file src="assets/blips/29.png" type="client"></file>
	<file src="assets/blips/30.png" type="client"></file>
	<file src="assets/blips/31.png" type="client"></file>
	<file src="assets/blips/32.png" type="client"></file>
	<file src="assets/blips/33.png" type="client"></file>
	<file src="assets/blips/34.png" type="client"></file>
	<file src="assets/blips/35.png" type="client"></file>
	<file src="assets/blips/36.png" type="client"></file>
	<file src="assets/blips/37.png" type="client"></file>
	<file src="assets/blips/38.png" type="client"></file>
	<file src="assets/blips/39.png" type="client"></file>
	<file src="assets/blips/40.png" type="client"></file>
	<file src="assets/blips/41.png" type="client"></file>
	<file src="assets/blips/42.png" type="client"></file>
	<file src="assets/blips/43.png" type="client"></file>
	<file src="assets/blips/44.png" type="client"></file>
	<file src="assets/blips/45.png" type="client"></file>
	<file src="assets/blips/46.png" type="client"></file>
	<file src="assets/blips/47.png" type="client"></file>
	<file src="assets/blips/48.png" type="client"></file>
	<file src="assets/blips/49.png" type="client"></file>
	<file src="assets/blips/50.png" type="client"></file>
	<file src="assets/blips/51.png" type="client"></file>
	<file src="assets/blips/52.png" type="client"></file>
	<file src="assets/blips/53.png" type="client"></file>
	<file src="assets/blips/54.png" type="client"></file>
	<file src="assets/blips/55.png" type="client"></file>
	<file src="assets/blips/56.png" type="client"></file>
	<file src="assets/blips/57.png" type="client"></file>
	<file src="assets/blips/58.png" type="client"></file>
	<file src="assets/blips/59.png" type="client"></file>
	<file src="assets/blips/60.png" type="client"></file>
	<file src="assets/blips/61.png" type="client"></file>
	<file src="assets/blips/62.png" type="client"></file>
	<file src="assets/blips/63.png" type="client"></file>
</meta>